{
    "decision_tree": {
        "accuracy": 0.3333333333333333,
        "precision": 0.3333333333333333,
        "recall": 1,
        "f1_score": 0.5,
        "tp": 2,
        "tn": 0,
        "fp": 4,
        "fn": 0
    },
    "random_forest": {
        "accuracy": 0.3333333333333333,
        "precision": 0.3333333333333333,
        "recall": 1,
        "f1_score": 0.5,
        "tp": 2,
        "tn": 0,
        "fp": 4,
        "fn": 0
    }
}